<?xml version="1.0" encoding="UTF-8"?>
<beans xmlns="http://www.springframework.org/schema/beans"
       xmlns:xsi="http://www.w3.org/2001/XMLSchema-instance"
       xmlns:security="http://www.springframework.org/schema/security"
       xsi:schemaLocation="
           http://www.springframework.org/schema/beans http://www.springframework.org/schema/beans/spring-beans-3.0.xsd
           http://www.springframework.org/schema/security http://www.springframework.org/schema/security/spring-security-3.0.xsd">

	<!-- Configure Spring Security -->
	<security:http auto-config="true">
		<security:form-login login-page="/login" login-processing-url="/loginProcess" 
			default-target-url="/mapping/map" authentication-failure-url="/login?login_error=1" />
		<security:logout logout-url="/logout" logout-success-url="/logoutSuccess" />
	</security:http>
	
	<!--
		Define local authentication provider, a real app would use an external provider (JDBC, LDAP, CAS, etc)
		
		usernames/passwords are:
			keith/melbourne
			erwin/leuven
			jeremy/atlanta
			scott/rochester
	-->
	<security:authentication-manager>
		<security:authentication-provider>
			<security:password-encoder hash="md5" />
			<security:user-service>
				<security:user name="scott" password="942f2339bf50796de535a384f0d1af3e" authorities="ROLE_USER" />
				<security:user name="hkm" password="608978cd68ba8a33fc0f363153975c90" authorities="ROLE_USER" />
			</security:user-service>
		</security:authentication-provider>
	</security:authentication-manager>
	
</beans>