<?xml version="1.0" encoding="UTF-8"?>
<!DOCTYPE tiles-definitions PUBLIC
	"-//Apache Software Foundation//DTD Tiles Configuration 2.0//EN"
	"http://tiles.apache.org/dtds/tiles-config_2_0.dtd">
	
<tiles-definitions>
	
	<definition name="intro" extends="standardLayout">
		<put-attribute name="body" value="/WEB-INF/intro.jsp" />
	</definition>
	
	<definition name="login" extends="standardLayout">
		<put-attribute name="body" value="/WEB-INF/login.jsp" />
	</definition>
	
	<definition name="logoutSuccess" extends="standardLayout">
		<put-attribute name="body" value="/WEB-INF/logoutSuccess.jsp" />
	</definition>
	
</tiles-definitions>
