<?xml version="1.0" encoding="UTF-8"?>
<!DOCTYPE tiles-definitions PUBLIC
	"-//Apache Software Foundation//DTD Tiles Configuration 2.1//EN"
	"http://tiles.apache.org/dtds/tiles-config_2_1.dtd">
	
<tiles-definitions>
	<definition name="introduction" extends="standardLayout">
		<put-attribute name="body" value="/WEB-INF/intro.jsp"/>
	</definition>
	
	<definition name="enterMappingName" extends="standardLayout">
		<put-attribute name="body" value="/WEB-INF/mapping/map/enterMappingName.jsp"/>
	</definition>
	
	<definition name="enterMappingFields" extends="standardLayout">
		<put-attribute name="body" value="/WEB-INF/mapping/map/enterMappingFields.jsp"/>
	</definition>
	
	<definition name="fieldForm" extends="standardLayout">
		<put-attribute name="body" value="/WEB-INF/mapping/field/fieldForm.jsp"/>
	</definition>
	
	<definition name="enterMappingExamples" extends="standardLayout">
		<put-attribute name="body" value="/WEB-INF/mapping/map/enterMappingExamples.jsp"/>
	</definition>
	
	<definition name="configureMapping" extends="standardLayout">
		<put-attribute name="body" value="/WEB-INF/mapping/map/configureMapping.jsp"/>
	</definition>
	
	<definition name="mappingDone" extends="standardLayout">
		<put-attribute name="body" value="/WEB-INF/mapping/map/reviewMapping.jsp"/>
	</definition>
	
	<definition name="reviewBooking" extends="standardLayout">
		<put-attribute name="body" value="/WEB-INF/hotels/booking/reviewBooking.jsp" />
	</definition>
	
</tiles-definitions>
